{"cases":{"Blekinge":1154.0,"Dalarna":3856.0,"Gotland":544.0,"G\u00e4vleborg":4234.0,"Halland":4052.0,"J\u00e4mtland":1736.0,"J\u00f6nk\u00f6ping":7705.0,"Kalmar":1481.0,"Kronoberg":2906.0,"Norrbotten":2620.0,"Sk\u00e5ne":12641.0,"Stockholm":41615.0,"S\u00f6dermanland":3587.0,"Uppsala":6943.0,"V\u00e4rmland":1966.0,"V\u00e4sterbotten":1793.0,"V\u00e4sternorrland":2355.0,"V\u00e4stmanland":4461.0,"V\u00e4straG\u00f6taland":28085.0,"\u00d6rebro":5957.0,"\u00d6sterg\u00f6tland":6770.0,"Sverige":146461.0},"Fall_per_100000_inv":{"Blekinge":723.030456543,"Dalarna":1339.0469970703,"Gotland":911.4365234375,"G\u00e4vleborg":1473.3002929688,"Halland":1213.7259521484,"J\u00e4mtland":1327.1157226562,"J\u00f6nk\u00f6ping":2119.0927734375,"Kalmar":603.3913574219,"Kronoberg":1442.4055175781,"Norrbotten":1047.6102294922,"Sk\u00e5ne":917.4591674805,"Stockholm":1750.6765136719,"S\u00f6dermanland":1205.5522460938,"Uppsala":1809.4252929688,"V\u00e4rmland":696.1411132812,"V\u00e4sterbotten":659.8316040039,"V\u00e4sternorrland":959.8649902344,"V\u00e4stmanland":1617.2125244141,"V\u00e4straG\u00f6taland":1627.2847900391,"\u00d6rebro":1954.3642578125,"\u00d6sterg\u00f6tland":1454.3657226562,"Sverige":26852.3340454102},"icu":{"Blekinge":10.0,"Dalarna":71.0,"Gotland":7.0,"G\u00e4vleborg":78.0,"Halland":47.0,"J\u00e4mtland":23.0,"J\u00f6nk\u00f6ping":108.0,"Kalmar":32.0,"Kronoberg":30.0,"Norrbotten":69.0,"Sk\u00e5ne":136.0,"Stockholm":982.0,"S\u00f6dermanland":139.0,"Uppsala":174.0,"V\u00e4rmland":36.0,"V\u00e4sterbotten":34.0,"V\u00e4sternorrland":52.0,"V\u00e4stmanland":61.0,"V\u00e4straG\u00f6taland":501.0,"\u00d6rebro":88.0,"\u00d6sterg\u00f6tland":116.0,"Sverige":2794.0},"dead":{"Blekinge":19.0,"Dalarna":186.0,"Gotland":7.0,"G\u00e4vleborg":171.0,"Halland":89.0,"J\u00e4mtland":64.0,"J\u00f6nk\u00f6ping":190.0,"Kalmar":64.0,"Kronoberg":126.0,"Norrbotten":88.0,"Sk\u00e5ne":297.0,"Stockholm":2456.0,"S\u00f6dermanland":257.0,"Uppsala":257.0,"V\u00e4rmland":76.0,"V\u00e4sterbotten":32.0,"V\u00e4sternorrland":138.0,"V\u00e4stmanland":185.0,"V\u00e4straG\u00f6taland":887.0,"\u00d6rebro":177.0,"\u00d6sterg\u00f6tland":256.0,"Sverige":6022.0}}